{
    "lower_limit": 0.03850000000000002,
    "upper_limit": 0.12249999999999998
}