{
    "lower_limit": 0.99227,
    "upper_limit": 1.00115
}