{
    "lower_limit": 0.8499999999999996,
    "upper_limit": 3.6500000000000004
}