{
    "lower_limit": 0.28000000000000014,
    "upper_limit": 0.9999999999999999
}