{
    "lower_limit": 0.015000000000000013,
    "upper_limit": 1.0150000000000001
}